model_type,model_name,r2_score,rmse,mae,cv_rmse
transmission,Random Forest,0.9978680710833163,0.08164673520676613,0.005549381760176857,0.16854708418525638
mortality,Random Forest,0.9984848382144575,0.002724994636315382,9.623012605816437e-05,0.007231456000615563
geographical_spread,Linear Regression,1.0,1.3567149463006938e-15,8.881784197001252e-16,3.640223280579608e-13
